CLOEBIRD,EML,00251-metadata.xml,Abstract,
CLOEBIRD,EML,00251-metadata.xml,Abstract,
CLOEBIRD,EML,00251-metadata.xml,Attribute Definition,
CLOEBIRD,EML,00251-metadata.xml,Attribute Definition,
CLOEBIRD,EML,00251-metadata.xml,Attribute Definition,
CLOEBIRD,EML,00251-metadata.xml,Attribute Definition,
CLOEBIRD,EML,00251-metadata.xml,Attribute Definition,
CLOEBIRD,EML,00251-metadata.xml,Attribute Definition,
CLOEBIRD,EML,00251-metadata.xml,Attribute Definition,
CLOEBIRD,EML,00251-metadata.xml,Attribute Definition,
CLOEBIRD,EML,00251-metadata.xml,Attribute Definition,
CLOEBIRD,EML,00251-metadata.xml,Attribute Definition,
CLOEBIRD,EML,00251-metadata.xml,Attribute Definition,
CLOEBIRD,EML,00251-metadata.xml,Attribute Definition,
CLOEBIRD,EML,00251-metadata.xml,Attribute Definition,
CLOEBIRD,EML,00251-metadata.xml,Attribute Definition,
CLOEBIRD,EML,00251-metadata.xml,Attribute Definition,
CLOEBIRD,EML,00251-metadata.xml,Attribute Definition,
CLOEBIRD,EML,00251-metadata.xml,Attribute Definition,
CLOEBIRD,EML,00251-metadata.xml,Attribute Definition,
CLOEBIRD,EML,00251-metadata.xml,Attribute Definition,
CLOEBIRD,EML,00251-metadata.xml,Attribute Definition,
CLOEBIRD,EML,00251-metadata.xml,Attribute Definition,
CLOEBIRD,EML,00251-metadata.xml,Attribute Definition,
CLOEBIRD,EML,00251-metadata.xml,Attribute Definition,
CLOEBIRD,EML,00251-metadata.xml,Attribute Definition,
CLOEBIRD,EML,00251-metadata.xml,Attribute Definition,
CLOEBIRD,EML,00251-metadata.xml,Attribute List,
CLOEBIRD,EML,00251-metadata.xml,Author,
CLOEBIRD,EML,00251-metadata.xml,Author,
CLOEBIRD,EML,00251-metadata.xml,Author / Originator,
CLOEBIRD,EML,00251-metadata.xml,Author / Originator Email Address,
CLOEBIRD,EML,00251-metadata.xml,Author / Originator Email Address,
CLOEBIRD,EML,00251-metadata.xml,Bounding Box,
CLOEBIRD,EML,00251-metadata.xml,Easternmost Longitude,
CLOEBIRD,EML,00251-metadata.xml,End Time,
CLOEBIRD,EML,00251-metadata.xml,Entity Type Definition,
CLOEBIRD,EML,00251-metadata.xml,Keyword,
CLOEBIRD,EML,00251-metadata.xml,Keyword,
CLOEBIRD,EML,00251-metadata.xml,Keyword,
CLOEBIRD,EML,00251-metadata.xml,Keyword,
CLOEBIRD,EML,00251-metadata.xml,Keyword,
CLOEBIRD,EML,00251-metadata.xml,Keyword,
CLOEBIRD,EML,00251-metadata.xml,Keyword,
CLOEBIRD,EML,00251-metadata.xml,Keyword,
CLOEBIRD,EML,00251-metadata.xml,Keyword,
CLOEBIRD,EML,00251-metadata.xml,Keyword,
CLOEBIRD,EML,00251-metadata.xml,Keyword,
CLOEBIRD,EML,00251-metadata.xml,Keyword,
CLOEBIRD,EML,00251-metadata.xml,Keyword,
CLOEBIRD,EML,00251-metadata.xml,Maintenance,
CLOEBIRD,EML,00251-metadata.xml,Metadata Access Constraints,
CLOEBIRD,EML,00251-metadata.xml,Metadata Access Constraints,
CLOEBIRD,EML,00251-metadata.xml,Metadata Contact,
CLOEBIRD,EML,00251-metadata.xml,Metadata Use Constraints,
CLOEBIRD,EML,00251-metadata.xml,Metadata Use Constraints,
CLOEBIRD,EML,00251-metadata.xml,Northernmost Latitude,
CLOEBIRD,EML,00251-metadata.xml,Organization Name,
CLOEBIRD,EML,00251-metadata.xml,Organization Name,
CLOEBIRD,EML,00251-metadata.xml,Organization Name,
CLOEBIRD,EML,00251-metadata.xml,Originating Organization,
CLOEBIRD,EML,00251-metadata.xml,Publication Date,
CLOEBIRD,EML,00251-metadata.xml,Publisher,
CLOEBIRD,EML,00251-metadata.xml,Resource Access Constraints,
CLOEBIRD,EML,00251-metadata.xml,Resource Contact,
CLOEBIRD,EML,00251-metadata.xml,Resource Creation/Revision Date,
CLOEBIRD,EML,00251-metadata.xml,Resource Format,
CLOEBIRD,EML,00251-metadata.xml,Resource Identifier,
CLOEBIRD,EML,00251-metadata.xml,Resource Identifier Type,
CLOEBIRD,EML,00251-metadata.xml,Resource Identifier Type,
CLOEBIRD,EML,00251-metadata.xml,Resource Long Name,
CLOEBIRD,EML,00251-metadata.xml,Resource Long Name,
CLOEBIRD,EML,00251-metadata.xml,Resource Status,
CLOEBIRD,EML,00251-metadata.xml,Resource Status,
CLOEBIRD,EML,00251-metadata.xml,Resource Title,
CLOEBIRD,EML,00251-metadata.xml,Resource Update Frequency,
CLOEBIRD,EML,00251-metadata.xml,Resource Use Constraints,
CLOEBIRD,EML,00251-metadata.xml,Rights,
CLOEBIRD,EML,00251-metadata.xml,Security Constraints,
CLOEBIRD,EML,00251-metadata.xml,Southernmost Latitude,
CLOEBIRD,EML,00251-metadata.xml,Spatial Extent,
CLOEBIRD,EML,00251-metadata.xml,Start Time,
CLOEBIRD,EML,00251-metadata.xml,Taxonomic Extent,
CLOEBIRD,EML,00251-metadata.xml,Temporal Extent,
CLOEBIRD,EML,00251-metadata.xml,Theme Keyword,
CLOEBIRD,EML,00251-metadata.xml,Theme Keyword,
CLOEBIRD,EML,00251-metadata.xml,Theme Keyword,
CLOEBIRD,EML,00251-metadata.xml,Theme Keyword,
CLOEBIRD,EML,00251-metadata.xml,Theme Keyword,
CLOEBIRD,EML,00251-metadata.xml,Theme Keyword,
CLOEBIRD,EML,00251-metadata.xml,Theme Keyword,
CLOEBIRD,EML,00251-metadata.xml,Theme Keyword,
CLOEBIRD,EML,00251-metadata.xml,Theme Keyword,
CLOEBIRD,EML,00251-metadata.xml,Theme Keyword,
CLOEBIRD,EML,00251-metadata.xml,Theme Keyword,
CLOEBIRD,EML,00251-metadata.xml,Theme Keyword,
CLOEBIRD,EML,00251-metadata.xml,Theme Keyword,
CLOEBIRD,EML,00251-metadata.xml,Westernmost Longitude,
